{
  "main": {
    "id": "dc7b7a124d6f9df8",
    "type": "split",
    "children": [
      {
        "id": "18030ed4f0e0a462",
        "type": "tabs",
        "children": [
          {
            "id": "17e28d6a02dfd232",
            "type": "leaf",
            "state": {
              "type": "markdown",
              "state": {
                "file": "Шарага/Глуховский Проект (52 812 103).md",
                "mode": "source",
                "source": false
              },
              "icon": "lucide-file",
              "title": "Глуховский Проект (52 812 103)"
            }
          }
        ]
      }
    ],
    "direction": "vertical"
  },
  "left": {
    "id": "f04bee62a0a1e703",
    "type": "split",
    "children": [
      {
        "id": "a38b2715254ca688",
        "type": "tabs",
        "children": [
          {
            "id": "914c63c7869900bd",
            "type": "leaf",
            "state": {
              "type": "file-explorer",
              "state": {
                "sortOrder": "alphabetical"
              },
              "icon": "lucide-folder-closed",
              "title": "Файловый менеджер"
            }
          },
          {
            "id": "dd12760f202624ba",
            "type": "leaf",
            "state": {
              "type": "search",
              "state": {
                "query": "",
                "matchingCase": false,
                "explainSearch": false,
                "collapseAll": false,
                "extraContext": false,
                "sortOrder": "alphabetical"
              },
              "icon": "lucide-search",
              "title": "Поиск"
            }
          },
          {
            "id": "f4b6af244c079cbe",
            "type": "leaf",
            "state": {
              "type": "bookmarks",
              "state": {},
              "icon": "lucide-bookmark",
              "title": "Закладки"
            }
          }
        ]
      }
    ],
    "direction": "horizontal",
    "width": 200
  },
  "right": {
    "id": "b2e5655771001b21",
    "type": "split",
    "children": [
      {
        "id": "32fdfde0d7ccfe40",
        "type": "tabs",
        "children": [
          {
            "id": "2b573bf3b5db2923",
            "type": "leaf",
            "state": {
              "type": "backlink",
              "state": {
                "file": "БД MsAccess.md",
                "collapseAll": false,
                "extraContext": false,
                "sortOrder": "alphabetical",
                "showSearch": false,
                "searchQuery": "",
                "backlinkCollapsed": false,
                "unlinkedCollapsed": true
              },
              "icon": "links-coming-in",
              "title": "Обратные ссылки для БД MsAccess"
            }
          },
          {
            "id": "3650dc0506ac4b31",
            "type": "leaf",
            "state": {
              "type": "outgoing-link",
              "state": {
                "file": "БД бубабу MsAccess.md",
                "linksCollapsed": false,
                "unlinkedCollapsed": true
              },
              "icon": "links-going-out",
              "title": "Исходящие ссылки из БД бубабу MsAccess"
            }
          },
          {
            "id": "0057d424b7d52ca3",
            "type": "leaf",
            "state": {
              "type": "tag",
              "state": {
                "sortOrder": "frequency",
                "useHierarchy": true
              },
              "icon": "lucide-tags",
              "title": "Теги"
            }
          },
          {
            "id": "f16a3c8007b7682d",
            "type": "leaf",
            "state": {
              "type": "outline",
              "state": {
                "file": "Home/tst(103).md"
              },
              "icon": "lucide-list",
              "title": "Структура tst(103)"
            }
          },
          {
            "id": "c45b424b9b5a1602",
            "type": "leaf",
            "state": {
              "type": "calendar",
              "state": {},
              "icon": "calendar-with-checkmark",
              "title": "Calendar"
            }
          }
        ],
        "currentTab": 4
      }
    ],
    "direction": "horizontal",
    "width": 267.5,
    "collapsed": true
  },
  "left-ribbon": {
    "hiddenItems": {
      "switcher:Меню быстрого перехода": false,
      "graph:Граф": false,
      "canvas:Создать новый холст": false,
      "daily-notes:Сегодняшняя заметка": false,
      "templates:Вставить шаблон": false,
      "command-palette:Открыть палитру команд": false
    }
  },
  "active": "17e28d6a02dfd232",
  "lastOpenFiles": [
    "Home/tst(103).md",
    "Шарага/Глуховский Проект (52 812 103).md",
    "Календарный мейн/18-декабрь-2024.md",
    "Календарный мейн/2024-12-25.md",
    "Календарный мейн/asdasd/2024-12-27.md",
    "Календарный мейн/asdasd/2024-12-18.md",
    "Календарный мейн/asdasd",
    "Календарный мейн/x.12.24/2024-12-23.md",
    "2024-12-24.md",
    "Календарный мейн/x.12.24",
    "2024-12-17.md",
    "Шарага/БД MsAccess.md",
    "2024-12-03.md",
    "Календарный мейн/2024-12-31.md",
    "2024-12-25.md",
    "2024-12-26.md",
    "2024-12-28.md",
    "2024-12-20.md",
    "Календарный мейн/2024-12-17.md",
    "2024-12-11.md",
    "Календарный мейн",
    "Без названия.canvas",
    "Pasted image 20241206151521.png",
    "Письмо дедушке морозу.md",
    "Шарага/Первая практическая.md",
    "Home",
    "Шарага",
    "Pasted image 20241130140514.png"
  ]
}